,dice_WT,iou_WT,sensitivity_WT,specificity_WT,hd95_WT,dice_TC,iou_TC,sensitivity_TC,specificity_TC,hd95_TC,dice_ET,iou_ET,sensitivity_ET,specificity_ET,hd95_ET
mean,0.8793723778338092,0.7950144145435382,0.8774520543418737,0.9990486020750101,23.176809106838405,0.8003203764335168,0.7052416528121068,0.8111877595402672,0.9995048698945141,10.643801892393702,0.7446254844667161,0.6403074060612621,0.81087901886701,0.9997223323834964,27.08421193892467
std,0.09254153394994302,0.12701289437045102,0.12439384823588191,0.0007792098243032977,24.486272059227183,0.20184583233112507,0.23187603233051093,0.209177637523225,0.0008880832627401967,15.198952487606087,0.24568300057743317,0.24802770835752397,0.19870854063291993,0.0003128003362885687,84.32605529984939
median,0.9046945375795609,0.8259746545067923,0.9224738901378544,0.9992378404749764,10.121787684700134,0.87753804021669,0.7818051351654749,0.8828399463258478,0.9997799825217684,5.0990195135927845,0.8417729970316217,0.7267772916640415,0.8776498965354587,0.999835442691215,2.23606797749979
min,0.5627354147484724,0.39153223458156194,0.4247648560766427,0.994885058635149,1.4142135623730951,0.1785885741718675,0.09804955192409066,0.15648384957847875,0.9929000667455647,1.0,0.0,0.0,0.21778975741239892,0.9982226522604846,1.0
max,0.9672449484309451,0.9365676274944568,0.9954089751750478,0.9998557340919568,93.43179295923888,0.9738384581218736,0.9490108704907331,0.9934645669291339,0.999986221207645,75.63729238940273,0.9787642868974656,0.9584117303574904,1.0,0.9999978715481552,373.1286641361127
