epoch,train_loss,val_loss,train_wt_dice,val_wt_dice,val_tc_dice,val_et_dice,best_dice_so_far
18,0.36692124610268895,0.42243464693583394,0.8696709427438568,0.8305173555349971,0.6701782066764378,0.6936500328073288,0.7516630531856333
19,0.3640015588756762,0.4176759552601334,0.8723816586090498,0.8273002824687458,0.6672833643471411,0.6840698525953628,0.7516630531856333
20,0.3619921426682468,0.41936550492590124,0.8744476353582615,0.8306427111367246,0.6807889581657687,0.7078953824625627,0.7516630531856333
21,0.3214773275180824,0.2751102447119001,0.8703573922587703,0.836203254394598,0.7451225536276255,0.7660787091454042,0.7824681723892091
22,0.21949509914286822,0.25806904465637426,0.8665291486796307,0.8362821759460689,0.7569534758639512,0.763706372124198,0.785647341311406
23,0.20080708481377765,0.26561130590450305,0.8712302676945237,0.8329090007118412,0.742555982190568,0.7734906450593492,0.785647341311406
